Benchmark,Date,Close
MSCI India,12/31/2015,33620.1246
MSCI India,1/1/2016,33652.99429
MSCI India,1/4/2016,32949.4746
MSCI India,1/5/2016,32887.33512
MSCI India,1/6/2016,32868.41528
MSCI India,1/7/2016,31964.1099
MSCI India,1/8/2016,32327.78876
MSCI India,1/11/2016,31979.45124
MSCI India,1/12/2016,31809.45885
MSCI India,1/13/2016,31997.03458
MSCI India,1/14/2016,32063.81757
MSCI India,1/15/2016,31689.80881
MSCI India,1/18/2016,31121.73484
MSCI India,1/19/2016,31557.3564
MSCI India,1/20/2016,31067.41135
MSCI India,1/21/2016,30683.62425
MSCI India,1/22/2016,31277.80099
MSCI India,1/25/2016,31361.0916
MSCI India,1/26/2016,31362.20297
MSCI India,1/27/2016,31426.32766
MSCI India,1/28/2016,31332.13884
MSCI India,1/29/2016,32082.66532
MSCI India,2/1/2016,32135.98302
MSCI India,2/2/2016,31654.00172
MSCI India,2/3/2016,31189.80431
MSCI India,2/4/2016,31364.96295
MSCI India,2/5/2016,31874.43981
MSCI India,2/8/2016,31467.63372
MSCI India,2/9/2016,30955.46888
MSCI India,2/10/2016,30645.93087
MSCI India,2/11/2016,29762.50621
MSCI India,2/12/2016,29769.99836
MSCI India,2/15/2016,30545.76304
MSCI India,2/16/2016,30016.5528
MSCI India,2/17/2016,30284.35787
MSCI India,2/18/2016,30656.86848
MSCI India,2/19/2016,30753.43305
MSCI India,2/22/2016,30876.2385
MSCI India,2/23/2016,30473.3198
MSCI India,2/24/2016,30072.22321
MSCI India,2/25/2016,30105.0615
MSCI India,2/26/2016,30254.49009
MSCI India,2/29/2016,29858.86165
MSCI India,3/1/2016,30712.93333
MSCI India,3/2/2016,31238.02284
MSCI India,3/3/2016,31738.194
MSCI India,3/4/2016,31705.8474
MSCI India,3/7/2016,31705.8474
MSCI India,3/8/2016,31848.66768
MSCI India,3/9/2016,31976.5238
MSCI India,3/10/2016,31978.70193
MSCI India,3/11/2016,31928.0294
MSCI India,3/14/2016,32141.31732
MSCI India,3/15/2016,31649.56525
MSCI India,3/16/2016,31821.1743
MSCI India,3/17/2016,31749.86218
MSCI India,3/18/2016,32207.32
MSCI India,3/21/2016,32736.59494
MSCI India,3/22/2016,32741.58915
MSCI India,3/23/2016,32868.07114
MSCI India,3/24/2016,32868.07114
MSCI India,3/25/2016,32868.07114
MSCI India,3/28/2016,32369.50594
MSCI India,3/29/2016,32177.01208
MSCI India,3/30/2016,32626.6167
MSCI India,3/31/2016,32738.28319
MSCI India,4/1/2016,32595.60882
MSCI India,4/4/2016,32754.61138
MSCI India,4/5/2016,32258.62902
MSCI India,4/6/2016,32198.62803
MSCI India,4/7/2016,32118.56672
MSCI India,4/8/2016,32172.92729
MSCI India,4/11/2016,32414.67514
MSCI India,4/12/2016,32644.01194
MSCI India,4/13/2016,33153.49624
MSCI India,4/14/2016,33165.60565
MSCI India,4/15/2016,33165.60565
MSCI India,4/18/2016,33543.50772
MSCI India,4/19/2016,33535.58692
MSCI India,4/20/2016,33437.39319
MSCI India,4/21/2016,33475.08771
MSCI India,4/22/2016,33415.36296
MSCI India,4/25/2016,33137.50404
MSCI India,4/26/2016,33474.07048
MSCI India,4/27/2016,33603.0759
MSCI India,4/28/2016,32956.86764
MSCI India,4/29/2016,33033.83093
MSCI India,5/2/2016,32991.78998
MSCI India,5/3/2016,32764.99312
MSCI India,5/4/2016,32613.38601
MSCI India,5/5/2016,32713.04112
MSCI India,5/6/2016,32694.30862
MSCI India,5/9/2016,33265.47783
MSCI India,5/10/2016,33310.98524
MSCI India,5/11/2016,33100.40376
MSCI India,5/12/2016,33381.18036
MSCI India,5/13/2016,33117.4757
MSCI India,5/16/2016,33150.53424
MSCI India,5/17/2016,33279.70322
MSCI India,5/18/2016,33238.07745
MSCI India,5/19/2016,32907.60049
MSCI India,5/20/2016,32594.27946
MSCI India,5/23/2016,32535.77201
MSCI India,5/24/2016,32606.86876
MSCI India,5/25/2016,33168.12071
MSCI India,5/26/2016,33578.42861
MSCI India,5/27/2016,34101.98642
MSCI India,5/30/2016,34251.87375
MSCI India,5/31/2016,34008.24803
MSCI India,6/1/2016,34258.07403
MSCI India,6/2/2016,34390.42758
MSCI India,6/3/2016,34157.52509
MSCI India,6/6/2016,34179.7805
MSCI India,6/7/2016,34431.91392
MSCI India,6/8/2016,34431.9864
MSCI India,6/9/2016,34218.73814
MSCI India,6/10/2016,34138.27625
MSCI India,6/13/2016,33916.8087
MSCI India,6/14/2016,33912.50622
MSCI India,6/15/2016,34165.8135
MSCI India,6/16/2016,34033.92567
MSCI India,6/17/2016,34097.49624
MSCI India,6/20/2016,34542.76331
MSCI India,6/21/2016,34542.83233
MSCI India,6/22/2016,34388.40327
MSCI India,6/23/2016,34576.27897
MSCI India,6/24/2016,33843.75989
MSCI India,6/27/2016,33829.54566
MSCI India,6/28/2016,33884.59715
MSCI India,6/29/2016,34159.5471
MSCI India,6/30/2016,34665.9174
MSCI India,7/1/2016,34758.84148
MSCI India,7/4/2016,35065.44517
MSCI India,7/5/2016,34942.38791
MSCI India,7/6/2016,34947.00114
MSCI India,7/7/2016,34983.29088
MSCI India,7/8/2016,34823.62428
MSCI India,7/11/2016,35502.02481
MSCI India,7/12/2016,35628.85437
MSCI India,7/13/2016,35742.4069
MSCI India,7/14/2016,35782.91976
MSCI India,7/15/2016,35712.98834
MSCI India,7/18/2016,35487.73966
MSCI India,7/19/2016,35617.88164
MSCI India,7/20/2016,35730.12242
MSCI India,7/21/2016,35564.11264
MSCI India,7/22/2016,35862.91989
MSCI India,7/25/2016,36261.99243
MSCI India,7/26/2016,36099.08833
MSCI India,7/27/2016,36172.08896
MSCI India,7/28/2016,36371.60561
MSCI India,7/29/2016,36238.06075
MSCI India,8/1/2016,36455.94028
MSCI India,8/2/2016,36249.14812
MSCI India,8/3/2016,35831.20798
MSCI India,8/4/2016,35916.71286
MSCI India,8/5/2016,36561.04288
MSCI India,8/8/2016,36675.35033
MSCI India,8/9/2016,36497.25124
MSCI India,8/10/2016,36189.97957
MSCI India,8/11/2016,36217.87158
MSCI India,8/12/2016,36629.63552
MSCI India,8/15/2016,36629.63552
MSCI India,8/16/2016,36484.02793
MSCI India,8/17/2016,36430.13716
MSCI India,8/18/2016,36501.65759
MSCI India,8/19/2016,36509.2875
MSCI India,8/22/2016,36279.09048
MSCI India,8/23/2016,36326.22404
MSCI India,8/24/2016,36448.21373
MSCI India,8/25/2016,36107.99475
MSCI India,8/26/2016,36040.52172
MSCI India,8/29/2016,36233.58077
MSCI India,8/30/2016,36795.13043
MSCI India,8/31/2016,36741.64417
MSCI India,9/1/2016,36609.45207
MSCI India,9/2/2016,36705.32496
MSCI India,9/5/2016,36705.76598
MSCI India,9/6/2016,37301.88375
MSCI India,9/7/2016,37349.12871
MSCI India,9/8/2016,37572.03077
MSCI India,9/9/2016,37124.64922
MSCI India,9/12/2016,36306.01885
MSCI India,9/13/2016,36292.26476
MSCI India,9/14/2016,36462.05247
MSCI India,9/15/2016,36473.81928
MSCI India,9/16/2016,36738.015
MSCI India,9/19/2016,36780.11158
MSCI India,9/20/2016,36641.45232
MSCI India,9/21/2016,36687.3231
MSCI India,9/22/2016,36989.14264
MSCI India,9/23/2016,36914.16119
MSCI India,9/26/2016,36502.42103
MSCI India,9/27/2016,36486.19351
MSCI India,9/28/2016,36712.74526
MSCI India,9/29/2016,35937.82512
MSCI India,9/30/2016,36230.22563
MSCI India,10/3/2016,36786.113
MSCI India,10/4/2016,37007.90546
MSCI India,10/5/2016,36949.86924
MSCI India,10/6/2016,36754.83168
MSCI India,10/7/2016,36628.53036
MSCI India,10/10/2016,36655.36879
MSCI India,10/11/2016,36658.62217
MSCI India,10/12/2016,36658.62217
MSCI India,10/13/2016,36066.64816
MSCI India,10/14/2016,36089.369
MSCI India,10/17/2016,35749.43905
MSCI India,10/18/2016,36499.2861
MSCI India,10/19/2016,36416.22494
MSCI India,10/20/2016,36588.79788
MSCI India,10/21/2016,36576.50776
MSCI India,10/24/2016,36565.83983
MSCI India,10/25/2016,36467.80392
MSCI India,10/26/2016,36144.68657
MSCI India,10/27/2016,36051.89327
MSCI India,10/28/2016,36158.75017
MSCI India,10/31/2016,36142.7185
MSCI India,11/1/2016,36149.91377
MSCI India,11/2/2016,35638.22571
MSCI India,11/3/2016,35396.40465
MSCI India,11/4/2016,35171.73968
MSCI India,11/7/2016,35322.8124
MSCI India,11/8/2016,35376.26765
MSCI India,11/9/2016,34921.66496
MSCI India,11/10/2016,35399.11063
MSCI India,11/11/2016,34333.45806
MSCI India,11/14/2016,34333.45806
MSCI India,11/15/2016,33251.12086
MSCI India,11/16/2016,33479.285
MSCI India,11/17/2016,33272.6038
MSCI India,11/18/2016,33238.30327
MSCI India,11/21/2016,32712.5583
MSCI India,11/22/2016,33155.44401
MSCI India,11/23/2016,33495.5698
MSCI India,11/24/2016,33118.13326
MSCI India,11/25/2016,33854.37088
MSCI India,11/28/2016,33833.49725
MSCI India,11/29/2016,33992.98338
MSCI India,11/30/2016,34329.16291
MSCI India,12/1/2016,34111.23091
MSCI India,12/2/2016,33582.91667
MSCI India,12/5/2016,33708.20879
MSCI India,12/6/2016,33835.12096
MSCI India,12/7/2016,33717.05113
MSCI India,12/8/2016,34475.24919
MSCI India,12/9/2016,34464.39098
MSCI India,12/12/2016,34095.02595
MSCI India,12/13/2016,34198.0085
MSCI India,12/14/2016,34078.58811
MSCI India,12/15/2016,34000.94384
MSCI India,12/16/2016,33995.69942
MSCI India,12/19/2016,33747.71623
MSCI India,12/20/2016,33562.1122
MSCI India,12/21/2016,33452.7699
MSCI India,12/22/2016,33005.50302
MSCI India,12/23/2016,33040.7936
MSCI India,12/26/2016,32625.9222
MSCI India,12/27/2016,33200.12823
MSCI India,12/28/2016,33284.8271
MSCI India,12/29/2016,33509.41632
MSCI India,12/30/2016,34010.63221
MSCI India,1/2/2017,34142.1808
MSCI India,1/3/2017,34095.71302
MSCI India,1/4/2017,33977.12135
MSCI India,1/5/2017,34362.74928
MSCI India,1/6/2017,34380.05659
MSCI India,1/9/2017,34225.64744
MSCI India,1/10/2017,34547.80949
MSCI India,1/11/2017,34747.16628
MSCI India,1/12/2017,34865.375
MSCI India,1/13/2017,34842.88065
MSCI India,1/16/2017,34897.20544
MSCI India,1/17/2017,34854.90163
MSCI India,1/18/2017,35028.98992
MSCI India,1/19/2017,35031.01875
MSCI India,1/20/2017,34600.58384
MSCI India,1/23/2017,34819.1942
MSCI India,1/24/2017,35162.13855
MSCI India,1/25/2017,35637.8376
MSCI India,1/26/2017,35637.8376
MSCI India,1/27/2017,35850.57075
MSCI India,1/30/2017,35771.17144
MSCI India,1/31/2017,35250.31244
MSCI India,2/1/2017,35924.84759
MSCI India,2/2/2017,36001.16268
MSCI India,2/3/2017,36006.5488
MSCI India,2/6/2017,36386.09141
MSCI India,2/7/2017,36249.0779
MSCI India,2/8/2017,36180.72835
MSCI India,2/9/2017,36294.23531
MSCI India,2/10/2017,36456.1353
MSCI India,2/13/2017,36531.77307
MSCI India,2/14/2017,36377.7349
MSCI India,2/15/2017,36039.21349
MSCI India,2/16/2017,36490.81206
MSCI India,2/17/2017,36535.8525
MSCI India,2/20/2017,36721.4055
MSCI India,2/21/2017,36891.02812
MSCI India,2/22/2017,36987.24391
MSCI India,2/23/2017,36909.47295
MSCI India,2/24/2017,36909.47295
MSCI India,2/27/2017,36863.81118
MSCI India,2/28/2017,36876.83695
MSCI India,3/1/2017,37064.9616
MSCI India,3/2/2017,36980.51643
MSCI India,3/3/2017,36919.23827
MSCI India,3/6/2017,37161.01063
MSCI India,3/7/2017,37068.53195
MSCI India,3/8/2017,37040.01242
MSCI India,3/9/2017,36915.53865
MSCI India,3/10/2017,36970.19359
MSCI India,3/13/2017,36970.19359
MSCI India,3/14/2017,37544.81558
MSCI India,3/15/2017,37560.3186
MSCI India,3/16/2017,37974.68965
MSCI India,3/17/2017,38039.6016
MSCI India,3/20/2017,37837.06395
MSCI India,3/21/2017,37905.76199
MSCI India,3/22/2017,37390.61061
MSCI India,3/23/2017,37651.9961
MSCI India,3/24/2017,37734.10665
MSCI India,3/27/2017,37461.72525
MSCI India,3/28/2017,37745.46565
MSCI India,3/29/2017,37894.64796
MSCI India,3/30/2017,37897.9293
MSCI India,3/31/2017,38009.65536
MSCI India,4/3/2017,38309.2079
MSCI India,4/4/2017,38293.1282
MSCI India,4/5/2017,38535.88095
MSCI India,4/6/2017,38454.56105
MSCI India,4/7/2017,38290.01687
MSCI India,4/10/2017,38196.44265
MSCI India,4/11/2017,38445.5428
MSCI India,4/12/2017,38249.8464
MSCI India,4/13/2017,37972.272
MSCI India,4/14/2017,38001.1281
MSCI India,4/17/2017,37831.44034
MSCI India,4/18/2017,37628.73223
MSCI India,4/19/2017,37701.08064
MSCI India,4/20/2017,37895.84025
MSCI India,4/21/2017,37769.9707
MSCI India,4/24/2017,38133.76505
MSCI India,4/25/2017,38552.88096
MSCI India,4/26/2017,38624.08426
MSCI India,4/27/2017,38487.3599
MSCI India,4/28/2017,38390.75502
MSCI India,5/1/2017,38394.09984
MSCI India,5/2/2017,38505.58175
MSCI India,5/3/2017,38531.39811
MSCI India,5/4/2017,38646.20724
MSCI India,5/5/2017,38223.35355
MSCI India,5/8/2017,38416.53166
MSCI India,5/9/2017,38438.34516
MSCI India,5/10/2017,38908.41955
MSCI India,5/11/2017,39016.69509
MSCI India,5/12/2017,38739.73251
MSCI India,5/15/2017,38927.2608
MSCI India,5/16/2017,39199.32149
MSCI India,5/17/2017,39223.39992
MSCI India,5/18/2017,38783.0688
MSCI India,5/19/2017,38585.5752
MSCI India,5/22/2017,38588.76304
MSCI India,5/23/2017,38348.76001
MSCI India,5/24/2017,38155.0071
MSCI India,5/25/2017,38590.54844
MSCI India,5/26/2017,39171.84075
MSCI India,5/29/2017,39102.78921
MSCI India,5/30/2017,39194.26041
MSCI India,5/31/2017,39210.31892
MSCI India,6/1/2017,39192.78971
MSCI India,6/2/2017,39335.0145
MSCI India,6/5/2017,39626.53561
MSCI India,6/6/2017,39477.11253
MSCI India,6/7/2017,39629.32116
MSCI India,6/8/2017,39466.59718
MSCI India,6/9/2017,39625.6686
MSCI India,6/12/2017,39443.40707
MSCI India,6/13/2017,39376.93495
MSCI India,6/14/2017,39282.46025
MSCI India,6/15/2017,39362.14174
MSCI India,6/16/2017,39263.03241
MSCI India,6/19/2017,39472.0768
MSCI India,6/20/2017,39583.187
MSCI India,6/21/2017,39390.69645
MSCI India,6/22/2017,39374.50432
MSCI India,6/23/2017,39045.99944
MSCI India,6/26/2017,39062.59288
MSCI India,6/27/2017,38822.71803
MSCI India,6/28/2017,38732.61225
MSCI India,6/29/2017,38995.85766
MSCI India,6/30/2017,38967.7383
MSCI India,7/3/2017,39384.38067
MSCI India,7/4/2017,39440.36632
MSCI India,7/5/2017,39589.29412
MSCI India,7/6/2017,39708.14025
MSCI India,7/7/2017,39698.817
MSCI India,7/10/2017,40085.33483
MSCI India,7/11/2017,40155.67631
MSCI India,7/12/2017,40269.6814
MSCI India,7/13/2017,40732.14762
MSCI India,7/14/2017,40603.36465
MSCI India,7/17/2017,40899.86692
MSCI India,7/18/2017,40651.05968
MSCI India,7/19/2017,40971.57185
MSCI India,7/20/2017,40834.5346
MSCI India,7/21/2017,41127.8247
MSCI India,7/24/2017,41281.12281
MSCI India,7/25/2017,41338.9044
MSCI India,7/26/2017,41452.38654
MSCI India,7/27/2017,41432.0022
MSCI India,7/28/2017,41448.4887
MSCI India,7/31/2017,41680.696
MSCI India,8/1/2017,41822.62845
MSCI India,8/2/2017,41665.6526
MSCI India,8/3/2017,41513.75424
MSCI India,8/4/2017,41820.9099
MSCI India,8/7/2017,41768.95563
MSCI India,8/8/2017,41465.07725
MSCI India,8/9/2017,41092.2318
MSCI India,8/10/2017,40504.58808
MSCI India,8/11/2017,40071.01787
MSCI India,8/14/2017,40542.8553
MSCI India,8/15/2017,40568.1669
MSCI India,8/16/2017,40932.0582
MSCI India,8/17/2017,41032.14742
MSCI India,8/18/2017,40698.13763
MSCI India,8/21/2017,40332.06225
MSCI India,8/22/2017,40274.11418
MSCI India,8/23/2017,40635.2716
MSCI India,8/24/2017,40816.55228
MSCI India,8/25/2017,40813.36518
MSCI India,8/28/2017,41086.17906
MSCI India,8/29/2017,40583.05401
MSCI India,8/30/2017,41079.0204
MSCI India,8/31/2017,41242.1478
MSCI India,9/1/2017,41327.57483
MSCI India,9/4/2017,41184.034
MSCI India,9/5/2017,41398.36795
MSCI India,9/6/2017,41266.52085
MSCI India,9/7/2017,41396.9061
MSCI India,9/8/2017,41383.2468
MSCI India,9/11/2017,41508.80501
MSCI India,9/12/2017,41914.43076
MSCI India,9/13/2017,41931.45054
MSCI India,9/14/2017,42031.85349
MSCI India,9/15/2017,41957.6418
MSCI India,9/18/2017,42228.15464
MSCI India,9/19/2017,42178.9366
MSCI India,9/20/2017,42201.37729
MSCI India,9/21/2017,42156.84047
MSCI India,9/22/2017,41385.81595
MSCI India,9/25/2017,41009.81898
MSCI India,9/26/2017,40956.3924
MSCI India,9/27/2017,40252.17114
MSCI India,9/28/2017,40369.7025
MSCI India,9/29/2017,40571.2405
MSCI India,10/2/2017,40546.59355
MSCI India,10/3/2017,40965.24225
MSCI India,10/4/2017,41239.97975
MSCI India,10/5/2017,41156.85245
MSCI India,10/6/2017,41626.25258
MSCI India,10/9/2017,41587.57894
MSCI India,10/10/2017,41713.45792
MSCI India,10/11/2017,41648.1919
MSCI India,10/12/2017,42064.49834
MSCI India,10/13/2017,42149.39685
MSCI India,10/16/2017,42565.54879
MSCI India,10/17/2017,42728.54609
MSCI India,10/18/2017,42427.26609
MSCI India,10/19/2017,42224.5906
MSCI India,10/20/2017,42224.5906
MSCI India,10/23/2017,42450.9078
MSCI India,10/24/2017,42544.37117
MSCI India,10/25/2017,42786.32085
MSCI India,10/26/2017,43097.56836
MSCI India,10/27/2017,42953.29696
MSCI India,10/30/2017,43222.77502
MSCI India,10/31/2017,43102.6893
MSCI India,11/1/2017,43604.42102
MSCI India,11/2/2017,43605.8056
MSCI India,11/3/2017,43800.684
MSCI India,11/6/2017,43756.70335
MSCI India,11/7/2017,43463.86926
MSCI India,11/8/2017,43086.08759
MSCI India,11/9/2017,43254.9142
MSCI India,11/10/2017,43210.1496
MSCI India,11/13/2017,42662.2312
MSCI India,11/14/2017,42515.53717
MSCI India,11/15/2017,42227.0589
MSCI India,11/16/2017,42525.396
MSCI India,11/17/2017,42792.56152
MSCI India,11/20/2017,42880.94675
MSCI India,11/21/2017,42985.47683
MSCI India,11/22/2017,42985.512
MSCI India,11/23/2017,43112.0976
MSCI India,11/24/2017,43260.9921
MSCI India,11/27/2017,43339.82096
MSCI India,11/28/2017,43285.72601
MSCI India,11/29/2017,43281.5325
MSCI India,11/30/2017,42738.883
MSCI India,12/1/2017,42222.9274
MSCI India,12/4/2017,42261.33515
MSCI India,12/5/2017,42252.71785
MSCI India,12/6/2017,41988.84357
MSCI India,12/7/2017,42517.8959
MSCI India,12/8/2017,42976.772
MSCI India,12/11/2017,43209.28668
MSCI India,12/12/2017,42992.6028
MSCI India,12/13/2017,42573.54998
MSCI India,12/14/2017,42786.2808
MSCI India,12/15/2017,43089.3012
MSCI India,12/18/2017,43364.7585
MSCI India,12/19/2017,43782.063
MSCI India,12/20/2017,43679.36025
MSCI India,12/21/2017,43691.3057
MSCI India,12/22/2017,43941.70305
MSCI India,12/25/2017,43941.70305
MSCI India,12/26/2017,44137.18643
MSCI India,12/27/2017,44046.2394
MSCI India,12/28/2017,43926.01392
MSCI India,12/29/2017,44327.62684
MSCI India,1/1/2018,43952.87252
MSCI India,1/2/2018,43890.69756
MSCI India,1/3/2018,43838.1033
MSCI India,1/4/2018,44185.20817
MSCI India,1/5/2018,44516.70905
MSCI India,1/8/2018,44931.37662
MSCI India,1/9/2018,44863.20264
MSCI India,1/10/2018,45012.1377
MSCI India,1/11/2018,45041.46725
MSCI India,1/12/2018,45045.6076
MSCI India,1/15/2018,45304.02
MSCI India,1/16/2018,45020.34072
MSCI India,1/17/2018,45439.60592
MSCI India,1/18/2018,45368.2895
MSCI India,1/19/2018,45632.6763
MSCI India,1/22/2018,46034.83259
MSCI India,1/23/2018,46458.71627
MSCI India,1/24/2018,46330.25124
MSCI India,1/25/2018,46035.96942
MSCI India,1/26/2018,46035.96942
MSCI India,1/29/2018,46425.17932
MSCI India,1/30/2018,46013.55293
MSCI India,1/31/2018,45737.34064
MSCI India,2/1/2018,45677.34711
MSCI India,2/2/2018,44515.91463
MSCI India,2/5/2018,44136.61175
MSCI India,2/6/2018,43328.48611
MSCI India,2/7/2018,43385.28275
MSCI India,2/8/2018,44071.8211
MSCI India,2/9/2018,43523.84875
MSCI India,2/12/2018,43820.91885
MSCI India,2/13/2018,43820.91885
MSCI India,2/14/2018,43710.72165
MSCI India,2/15/2018,43904.4135
MSCI India,2/16/2018,43628.18929
MSCI India,2/19/2018,43293.98962
MSCI India,2/20/2018,43187.6214
MSCI India,2/21/2018,43329.7124
MSCI India,2/22/2018,43156.96978
MSCI India,2/23/2018,43737.9321
MSCI India,2/26/2018,44036.45631
MSCI India,2/27/2018,44033.1157
MSCI India,2/28/2018,43668.60822
MSCI India,3/1/2018,43506.7425
MSCI India,3/2/2018,43508.0765
MSCI India,3/5/2018,42969.74769
MSCI India,3/6/2018,42453.22424
MSCI India,3/7/2018,42234.3936
MSCI India,3/8/2018,42502.98695
MSCI India,3/9/2018,42328.5954
MSCI India,3/12/2018,43160.95122
MSCI India,3/13/2018,43298.93319
MSCI India,3/14/2018,43363.95635
MSCI India,3/15/2018,43142.20018
MSCI India,3/16/2018,42555.49731
MSCI India,3/19/2018,42118.53975
MSCI India,3/20/2018,42316.14389
MSCI India,3/21/2018,42391.7684
MSCI India,3/22/2018,42188.0085
MSCI India,3/23/2018,41747.55
MSCI India,3/26/2018,42134.52848
MSCI India,3/27/2018,42411.2515
MSCI India,3/28/2018,42079.4493
MSCI India,3/29/2018,42077.8344
MSCI India,3/30/2018,42077.8344
MSCI India,4/2/2018,42522.0892
MSCI India,4/3/2018,42733.49064
MSCI India,4/4/2018,42211.6468
MSCI India,4/5/2018,42993.09788
MSCI India,4/6/2018,43120.61778
MSCI India,4/9/2018,43164.8938
MSCI India,4/10/2018,43322.40691
MSCI India,4/11/2018,43438.0527
MSCI India,4/12/2018,43645.77895
MSCI India,4/13/2018,43751.7179
MSCI India,4/16/2018,43877.00421
MSCI India,4/17/2018,43933.32776
MSCI India,4/18/2018,43944.2922
MSCI India,4/19/2018,44340.54176
MSCI India,4/20/2018,44206.2546
MSCI India,4/23/2018,44300.4016
MSCI India,4/24/2018,44387.69136
MSCI India,4/25/2018,44299.43665
MSCI India,4/26/2018,44488.60071
MSCI India,4/27/2018,44667.99154
MSCI India,4/30/2018,44818.59749
MSCI India,5/1/2018,44818.59749
MSCI India,5/2/2018,44650.61484
MSCI India,5/3/2018,44389.5309
MSCI India,5/4/2018,43936.5576
MSCI India,5/7/2018,44401.12875
MSCI India,5/8/2018,44321.14775
MSCI India,5/9/2018,44427.231
MSCI India,5/10/2018,43983.90255
MSCI India,5/11/2018,44481.3741
MSCI India,5/14/2018,44321.97515
MSCI India,5/15/2018,44391.068
MSCI India,5/16/2018,43964.0055
MSCI India,5/17/2018,43887.83355
MSCI India,5/18/2018,43330.60011
MSCI India,5/21/2018,42918.06875
MSCI India,5/22/2018,43114.81542
MSCI India,5/23/2018,42701.1672
MSCI India,5/24/2018,43000.9374
MSCI India,5/25/2018,43478.784
MSCI India,5/28/2018,43842.432
MSCI India,5/29/2018,43595.312
MSCI India,5/30/2018,43478.93019
MSCI India,5/31/2018,43713.1054
MSCI India,6/1/2018,43565.37406
MSCI India,6/4/2018,43451.05078
MSCI India,6/5/2018,43206.16454
MSCI India,6/6/2018,43647.59923
MSCI India,6/7/2018,44406.84512
MSCI India,6/8/2018,44166.10787
MSCI India,6/11/2018,44395.3383
MSCI India,6/12/2018,44584.6533
MSCI India,6/13/2018,44540.37585
MSCI India,6/14/2018,44575.31728
MSCI India,6/15/2018,44722.281
MSCI India,6/18/2018,44549.4428
MSCI India,6/19/2018,43983.5006
MSCI India,6/20/2018,44266.01211
MSCI India,6/21/2018,44025.35799
MSCI India,6/22/2018,44504.67698
MSCI India,6/25/2018,44152.4715
MSCI India,6/26/2018,44344.37587
MSCI India,6/27/2018,43947.47605
MSCI India,6/28/2018,43377.3543
MSCI India,6/29/2018,43965.0585
MSCI India,7/2/2018,43781.8808
MSCI India,7/3/2018,44001.67361
MSCI India,7/4/2018,44374.60125
MSCI India,7/5/2018,43946.82725
MSCI India,7/6/2018,44073.2136
MSCI India,7/9/2018,44443.52976
MSCI India,7/10/2018,44866.76208
MSCI India,7/11/2018,44976.44795
MSCI India,7/12/2018,45076.634
MSCI India,7/13/2018,45216.69105
MSCI India,7/16/2018,44733.51127
MSCI India,7/17/2018,45151.2841
MSCI India,7/18/2018,44865.1576
MSCI India,7/19/2018,44970.04951
MSCI India,7/20/2018,45098.32852
MSCI India,7/23/2018,45701.0542
MSCI India,7/24/2018,45993.07641
MSCI India,7/25/2018,45880.31235
MSCI India,7/26/2018,46061.4514
MSCI India,7/27/2018,46411.45543
MSCI India,7/30/2018,46710.98987
MSCI India,7/31/2018,46816.23706
MSCI India,8/1/2018,46824.4784
MSCI India,8/2/2018,46508.9739
MSCI India,8/3/2018,46932.55609
MSCI India,8/6/2018,47248.36424
MSCI India,8/7/2018,47217.78569
MSCI India,8/8/2018,47495.75737
MSCI India,8/9/2018,47672.65343
MSCI India,8/10/2018,47593.28015
MSCI India,8/13/2018,47294.4285
MSCI India,8/14/2018,47596.57577
MSCI India,8/15/2018,47821.48697
MSCI India,8/16/2018,47164.1003
MSCI India,8/17/2018,47537.1715
MSCI India,8/20/2018,48020.74725
MSCI India,8/21/2018,48144.27646
MSCI India,8/22/2018,48159.6561
MSCI India,8/23/2018,48417.96654
MSCI India,8/24/2018,48234.5214
MSCI India,8/27/2018,48734.20475
MSCI India,8/28/2018,49055.98
MSCI India,8/29/2018,48928.7188
MSCI India,8/30/2018,49066.56
MSCI India,8/31/2018,48930.8652
MSCI India,9/3/2018,48603.984
MSCI India,9/4/2018,48150.00444
MSCI India,9/5/2018,47927.90436
MSCI India,9/6/2018,48299.067
MSCI India,9/7/2018,48796.05115
MSCI India,9/10/2018,48023.2828
MSCI India,9/11/2018,47241.572
MSCI India,9/12/2018,47465.63698
MSCI India,9/13/2018,47271.2676
MSCI India,9/14/2018,48339.8455
MSCI India,9/17/2018,47726.30527
MSCI India,9/18/2018,47283.78413
MSCI India,9/19/2018,46874.18739
MSCI India,9/20/2018,46647.39672
MSCI India,9/21/2018,46732.9339
MSCI India,9/24/2018,45994.576
MSCI India,9/25/2018,46270.41785
MSCI India,9/26/2018,46202.11075
MSCI India,9/27/2018,45791.69895
MSCI India,9/28/2018,45533.51719
MSCI India,10/1/2018,46073.7629
MSCI India,10/2/2018,46161.8761
MSCI India,10/3/2018,45285.5815
MSCI India,10/4/2018,44147.6332
MSCI India,10/5/2018,42937.59403
MSCI India,10/8/2018,42723.82655
MSCI India,10/9/2018,42426.92625
MSCI India,10/10/2018,43294.67393
MSCI India,10/11/2018,42130.451
MSCI India,10/12/2018,43234.72515
MSCI India,10/15/2018,43335.83868
MSCI India,10/16/2018,43608.7476
MSCI India,10/17/2018,43003.4789
MSCI India,10/18/2018,43186.9376
MSCI India,10/19/2018,42338.66097
MSCI India,10/22/2018,42148.49534
MSCI India,10/23/2018,41454.00336
MSCI India,10/24/2018,41937.687
MSCI India,10/25/2018,41510.8713
MSCI India,10/26/2018,41072.55032
MSCI India,10/29/2018,42309.0976
MSCI India,10/30/2018,42167.4875
MSCI India,10/31/2018,43238.4498
MSCI India,11/1/2018,42893.73615
MSCI India,11/2/2018,44108.1759
MSCI India,11/5/2018,43685.6796
MSCI India,11/6/2018,43792.86997
MSCI India,11/7/2018,43650.30725
MSCI India,11/8/2018,43825.02918
MSCI India,11/9/2018,44188.2286
MSCI India,11/12/2018,43627.08105
MSCI India,11/13/2018,43890.76599
MSCI India,11/14/2018,43889.7708
MSCI India,11/15/2018,43987.44619
MSCI India,11/16/2018,44306.83766
MSCI India,11/19/2018,44552.18983
MSCI India,11/20/2018,44103.43969
MSCI India,11/21/2018,43668.4543
MSCI India,11/22/2018,43640.68797
MSCI India,11/23/2018,43370.1585
MSCI India,11/26/2018,43887.75406
MSCI India,11/27/2018,44234.2263
MSCI India,11/28/2018,44242.4754
MSCI India,11/29/2018,44684.57034
MSCI India,11/30/2018,44938.04162
MSCI India,12/3/2018,45079.49528
MSCI India,12/4/2018,45026.62131
MSCI India,12/5/2018,44669.204
MSCI India,12/6/2018,43592.59015
MSCI India,12/7/2018,44317.46955
MSCI India,12/10/2018,43875.15482
MSCI India,12/11/2018,43873.088
MSCI India,12/12/2018,44286.21337
MSCI India,12/13/2018,44528.95341
MSCI India,12/14/2018,44735.9448
MSCI India,12/17/2018,45091.50179
MSCI India,12/18/2018,44887.70026
MSCI India,12/19/2018,45403.04633
MSCI India,12/20/2018,45374.81351
MSCI India,12/21/2018,44549.4825
MSCI India,12/24/2018,43973.6588
MSCI India,12/25/2018,44057.84296
MSCI India,12/26/2018,44275.6925
MSCI India,12/27/2018,44422.98838
MSCI India,12/28/2018,44843.35845
MSCI India,12/31/2018,44846.9088
MSCI India,1/1/2019,45080.2257
MSCI India,1/2/2019,44483.58295
MSCI India,1/3/2019,44066.01718
MSCI India,1/4/2019,44111.392
MSCI India,1/7/2019,44462.69012
MSCI India,1/8/2019,44501.2077
MSCI India,1/9/2019,44776.12635
MSCI India,1/10/2019,44661.67798
MSCI India,1/11/2019,44492.09486
MSCI India,1/14/2019,44343.88696
MSCI India,1/15/2019,45134.5025
MSCI India,1/16/2019,44966.82333
MSCI India,1/17/2019,45194.64651
MSCI India,1/18/2019,45162.51264
MSCI India,1/21/2019,45273.77828
MSCI India,1/22/2019,45039.76439
MSCI India,1/23/2019,44825.24785
MSCI India,1/24/2019,44986.27695
MSCI India,1/25/2019,44530.2711
MSCI India,1/28/2019,44149.88426
MSCI India,1/29/2019,44382.61755
MSCI India,1/30/2019,44228.23961
MSCI India,1/31/2019,44786.48412
MSCI India,2/1/2019,45389.404
MSCI India,2/4/2019,45250.8595
MSCI India,2/5/2019,45348.0828
MSCI India,2/6/2019,45939.19943
MSCI India,2/7/2019,46009.2452
MSCI India,2/8/2019,45333.39189
MSCI India,2/11/2019,45045.55044
MSCI India,2/12/2019,44662.85355
MSCI India,2/13/2019,44623.37565
MSCI India,2/14/2019,44433.46015
MSCI India,2/15/2019,44317.45125
MSCI India,2/18/2019,43907.41957
MSCI India,2/19/2019,43609.97232
MSCI India,2/20/2019,44155.85195
MSCI India,2/21/2019,44554.9192
MSCI India,2/22/2019,44627.6547
MSCI India,2/25/2019,44995.0764
MSCI India,2/26/2019,44918.52108
MSCI India,2/27/2019,44871.96462
MSCI India,2/28/2019,44718.28956
MSCI India,3/1/2019,45227.4138
MSCI India,3/4/2019,45198.41574
MSCI India,3/5/2019,45738.58541
MSCI India,3/6/2019,45773.06245
MSCI India,3/7/2019,45916.5404
MSCI India,3/8/2019,45655.03404
MSCI India,3/11/2019,46378.67887
MSCI India,3/12/2019,46823.32447
MSCI India,3/13/2019,46935.61948
MSCI India,3/14/2019,46806.37692
MSCI India,3/15/2019,46905.16358
MSCI India,3/18/2019,47179.716
MSCI India,3/19/2019,47449.46756
MSCI India,3/20/2019,47288.17018
MSCI India,3/21/2019,47283.83962
MSCI India,3/22/2019,47257.89732
MSCI India,3/25/2019,46615.06938
MSCI India,3/26/2019,47160.76867
MSCI India,3/27/2019,46988.36263
MSCI India,3/28/2019,47411.58537
MSCI India,3/29/2019,47804.65445
MSCI India,4/1/2019,47946.61236
MSCI India,4/2/2019,48302.23157
MSCI India,4/3/2019,47909.3577
MSCI India,4/4/2019,47607.56675
MSCI India,4/5/2019,47979.78724
MSCI India,4/8/2019,47732.79983
MSCI India,4/9/2019,48054.33699
MSCI India,4/10/2019,47781.96318
MSCI India,4/11/2019,47850.20075
MSCI India,4/12/2019,47980.18764
MSCI India,4/15/2019,48065.41395
MSCI India,4/16/2019,48299.36309
MSCI India,4/17/2019,48227.11741
MSCI India,4/18/2019,48360.76308
MSCI India,4/19/2019,48320.01315
MSCI India,4/22/2019,47608.35108
MSCI India,4/23/2019,47701.21798
MSCI India,4/24/2019,48288.74895
MSCI India,4/25/2019,47872.3536
MSCI India,4/26/2019,48120.45609
MSCI India,4/29/2019,48146.9976
MSCI India,4/30/2019,48259.26585
MSCI India,5/1/2019,48237.42217
MSCI India,5/2/2019,47996.59487
MSCI India,5/3/2019,47728.85953
MSCI India,5/6/2019,47271.97926
MSCI India,5/7/2019,47032.67917
MSCI India,5/8/2019,46307.38932
MSCI India,5/9/2019,46192.65609
MSCI India,5/10/2019,46045.32224
MSCI India,5/13/2019,45456.59237
MSCI India,5/14/2019,45622.27622
MSCI India,5/15/2019,45340.45164
MSCI India,5/16/2019,45854.88375
MSCI India,5/17/2019,46262.17823
MSCI India,5/20/2019,47912.30997
MSCI India,5/21/2019,47353.25068
MSCI India,5/22/2019,47537.7267
MSCI India,5/23/2019,47051.35526
MSCI India,5/24/2019,47850.65868
MSCI India,5/27/2019,48145.83532
MSCI India,5/28/2019,48238.34707
MSCI India,5/29/2019,48054.45702
MSCI India,5/30/2019,48292.55036
MSCI India,5/31/2019,48360.73656
MSCI India,6/3/2019,49088.2299
MSCI India,6/4/2019,48966.558
MSCI India,6/5/2019,48961.90124
MSCI India,6/6/2019,48106.42992
MSCI India,6/7/2019,48121.266
MSCI India,6/10/2019,48369.35919
MSCI India,6/11/2019,48614.1318
MSCI India,6/12/2019,48459.82022
MSCI India,6/13/2019,48512.86476
MSCI India,6/14/2019,48128.54987
MSCI India,6/17/2019,47392.74529
MSCI India,6/18/2019,47385.90477
MSCI India,6/19/2019,47392.0724
MSCI India,6/20/2019,48053.90055
MSCI India,6/21/2019,47533.38572
MSCI India,6/24/2019,47390.16314
MSCI India,6/25/2019,47805.70066
MSCI India,6/26/2019,48018.20062
MSCI India,6/27/2019,48002.4392
MSCI India,6/28/2019,47769.78805
MSCI India,7/1/2019,48065.03152
MSCI India,7/2/2019,48314.58632
MSCI India,7/3/2019,48271.03681
MSCI India,7/4/2019,48513.7416
MSCI India,7/5/2019,47848.68494
MSCI India,7/8/2019,46836.31186
MSCI India,7/9/2019,46933.88492
MSCI India,7/10/2019,46442.09184
MSCI India,7/11/2019,46885.84893
MSCI India,7/12/2019,46752.3896
MSCI India,7/15/2019,47109.2405
MSCI India,7/16/2019,47540.23178
MSCI India,7/17/2019,47590.48596
MSCI India,7/18/2019,47049.66735
MSCI India,7/19/2019,46541.22858
MSCI India,7/22/2019,46403.04648
MSCI India,7/23/2019,46348.0848
MSCI India,7/24/2019,45941.78478
MSCI India,7/25/2019,45950.76999
MSCI India,7/26/2019,45986.21026
MSCI India,7/29/2019,45557.27565
MSCI India,7/30/2019,45104.76468
MSCI India,7/31/2019,45243.69089
MSCI India,8/1/2019,44517.14642
MSCI India,8/2/2019,44857.71395
MSCI India,8/5/2019,44584.11848
MSCI India,8/6/2019,44893.96551
MSCI India,8/7/2019,44517.47136
MSCI India,8/8/2019,44930.65869
MSCI India,8/9/2019,45527.58632
MSCI India,8/12/2019,45669.1125
MSCI India,8/13/2019,44491.25701
MSCI India,8/14/2019,45382.28233
MSCI India,8/15/2019,45346.14261
MSCI India,8/16/2019,45258.52697
MSCI India,8/19/2019,45375.44688
MSCI India,8/20/2019,45020.61366
MSCI India,8/21/2019,44661.66757
MSCI India,8/22/2019,44192.76786
MSCI India,8/23/2019,44708.47279
MSCI India,8/26/2019,45267.98978
MSCI India,8/27/2019,45615.62898
MSCI India,8/28/2019,45404.25185
MSCI India,8/29/2019,45031.54639
MSCI India,8/30/2019,45607.0286
MSCI India,9/2/2019,45911.2115
MSCI India,9/3/2019,44417.80905
MSCI India,9/4/2019,44538.3063
MSCI India,9/5/2019,44723.2258
MSCI India,9/6/2019,45020.0874
MSCI India,9/9/2019,45311.17617
MSCI India,9/10/2019,45398.67631
MSCI India,9/11/2019,45376.89511
MSCI India,9/12/2019,45048.24193
MSCI India,9/13/2019,45595.01098
MSCI India,9/16/2019,45334.02886
MSCI India,9/17/2019,44408.29038
MSCI India,9/18/2019,44644.91176
MSCI India,9/19/2019,44132.69182
MSCI India,9/20/2019,46221.55808
MSCI India,9/23/2019,46861.9183
MSCI India,9/24/2019,46979.63655
MSCI India,9/25/2019,46457.49853
MSCI India,9/26/2019,47000.16165
MSCI India,9/27/2019,46702.00902
MSCI India,9/30/2019,46451.81842
MSCI India,10/1/2019,46023.9055
MSCI India,10/2/2019,46090.09008
MSCI India,10/3/2019,46002.90332
MSCI India,10/4/2019,45495.64871
MSCI India,10/7/2019,45290.92197
MSCI India,10/8/2019,45400.87692
MSCI India,10/9/2019,45803.51948
MSCI India,10/10/2019,45580.6701
MSCI India,10/11/2019,45951.64711
MSCI India,10/14/2019,46180.454
MSCI India,10/15/2019,46382.44065
MSCI India,10/16/2019,46604.73753
MSCI India,10/17/2019,47248.53266
MSCI India,10/18/2019,47544.74175
MSCI India,10/21/2019,47405.9587
MSCI India,10/22/2019,46953.08573
MSCI India,10/23/2019,47022.89918
MSCI India,10/24/2019,47117.95426
MSCI India,10/25/2019,47095.25679
MSCI India,10/28/2019,47202.35796
MSCI India,10/29/2019,48074.32533
MSCI India,10/30/2019,48404.44217
MSCI India,10/31/2019,48733.5095
MSCI India,11/1/2019,48421.39392
MSCI India,11/4/2019,48868.70528
MSCI India,11/5/2019,48783.81968
MSCI India,11/6/2019,48866.88228
MSCI India,11/7/2019,48960.17965
MSCI India,11/8/2019,48389.91831
MSCI India,11/11/2019,48373.14915
MSCI India,11/12/2019,48513.73635
MSCI India,11/13/2019,48096.6174
MSCI India,11/14/2019,48121.1269
MSCI India,11/15/2019,48040.70088
MSCI India,11/18/2019,48264.64619
MSCI India,11/19/2019,48513.72424
MSCI India,11/20/2019,48732.72013
MSCI India,11/21/2019,48531.38833
MSCI India,11/22/2019,48441.89306
MSCI India,11/25/2019,49124.1387
MSCI India,11/26/2019,48841.6043
MSCI India,11/27/2019,49076.60314
MSCI India,11/28/2019,49336.5325
MSCI India,11/29/2019,48939.963
MSCI India,12/2/2019,48903.51375
MSCI India,12/3/2019,48755.44778
MSCI India,12/4/2019,48902.67276
MSCI India,12/5/2019,48774.45518
MSCI India,12/6/2019,48394.60569
MSCI India,12/9/2019,48442.50678
MSCI India,12/10/2019,48003.91907
MSCI India,12/11/2019,48262.93217
MSCI India,12/12/2019,48290.62719
MSCI India,12/13/2019,48919.2534
MSCI India,12/16/2019,48806.1387
MSCI India,12/17/2019,49323.01132
MSCI India,12/18/2019,49488.57449
MSCI India,12/19/2019,49803.09705
MSCI India,12/20/2019,49754.41385
MSCI India,12/23/2019,49752.95434
MSCI India,12/24/2019,49521.0672
MSCI India,12/25/2019,49473.82488
MSCI India,12/26/2019,49231.68162
MSCI India,12/27/2019,49903.80805
MSCI India,12/30/2019,49773.71845
MSCI India,12/31/2019,49306.58461
MSCI India,1/1/2020,49464.6112
MSCI India,1/2/2020,49851.16734
MSCI India,1/3/2020,49712.72585
MSCI India,1/6/2020,48745.52719
MSCI India,1/7/2020,49038.23544
MSCI India,1/8/2020,48735.59212
MSCI India,1/9/2020,49744.65845
MSCI India,1/10/2020,49863.79629
MSCI India,1/13/2020,50110.79157
MSCI India,1/14/2020,50394.55187
MSCI India,1/15/2020,50347.25532
MSCI India,1/16/2020,50516.95842
MSCI India,1/17/2020,50625.78845
MSCI India,1/20/2020,50165.6064
MSCI India,1/21/2020,49980.87864
MSCI India,1/22/2020,49749.18717
MSCI India,1/23/2020,50238.1369
MSCI India,1/24/2020,50429.73654
MSCI India,1/27/2020,50056.7154
MSCI India,1/28/2020,49657.35013
MSCI India,1/29/2020,50037.0415
MSCI India,1/30/2020,49605.00984
MSCI India,1/31/2020,49150.842
